{"cameraMode":{"drawMode":0,"name":"Shaded","section":"Shading Mode"},"sceneLighting":true,"audioPlay":false,"sceneViewState":{"showFog":true,"showMaterialUpdate":true,"showSkybox":true,"showFlares":true,"showImageEffects":true,"showParticleSystems":true},"in2DMode":false,"pivot":{"x":-4.53132963180542,"y":-8.289167404174805,"z":8.50887680053711},"rotation":{"x":-0.13052360713481904,"y":0.27941179275512698,"z":-0.06300386786460877,"w":-0.9491696953773499},"size":17.75938606262207,"orthographic":false}